{"cameraMode":{"drawMode":0,"name":"Shaded","section":"Shading Mode"},"sceneLighting":true,"audioPlay":false,"sceneViewState":{"m_AlwaysRefresh":false,"showFog":true,"showSkybox":true,"showFlares":true,"showImageEffects":true,"showParticleSystems":true,"showVisualEffectGraphs":true,"m_FxEnabled":true},"in2DMode":false,"pivot":{"x":99.56770324707031,"y":36.85475158691406,"z":96.71373748779297},"rotation":{"x":-0.027266960591077806,"y":0.3952184319496155,"z":0.011737742461264134,"w":0.9181074500083923},"size":36.638370513916019,"orthographic":false}