{"cameraMode":{"drawMode":0,"name":"Shaded","section":"Shading Mode"},"sceneLighting":false,"audioPlay":false,"sceneViewState":{"m_AlwaysRefresh":false,"showFog":true,"showSkybox":false,"showFlares":true,"showImageEffects":true,"showParticleSystems":true,"showVisualEffectGraphs":true,"m_FxEnabled":false},"in2DMode":false,"pivot":{"x":-0.030776500701904298,"y":4.058228969573975,"z":0.00745081901550293},"rotation":{"x":0.19401173293590547,"y":0.32680439949035647,"z":-0.0687372013926506,"w":0.9224077463150024},"size":5.086106777191162,"orthographic":false}