{"cameraMode":{"drawMode":0,"name":"Shaded","section":"Shading Mode"},"sceneLighting":true,"audioPlay":false,"sceneViewState":{"m_AlwaysRefresh":false,"showFog":true,"showSkybox":true,"showFlares":true,"showImageEffects":true,"showParticleSystems":true,"showVisualEffectGraphs":true,"m_FxEnabled":true},"in2DMode":false,"pivot":{"x":-3.9003024101257326,"y":1.356400966644287,"z":-4.807305335998535},"rotation":{"x":-0.022279830649495126,"y":0.8601059317588806,"z":-0.03770511597394943,"w":-0.5082341432571411},"size":2.9388673305511476,"orthographic":false}